geometry,id,count
"POLYGON ((-2072672.0490984449 13887678.495092336, -2072712.2414773095 13887528.495092336, -2072822.0490984449 13887418.687471202, -2072972.0490984449 13887378.495092336, -2073122.0490984449 13887418.687471202, -2073231.8567195802 13887528.495092336, -2073272.0490984449 13887678.495092336, -2073231.8567195802 13887828.495092336, -2073122.0490984449 13887938.30271347, -2072972.0490984449 13887978.495092336, -2072822.0490984449 13887938.30271347, -2072712.2414773095 13887828.495092336, -2072672.0490984449 13887678.495092336))",62,9
"POLYGON ((-2072683.881832174 13887660.596098527, -2072724.0742110386 13887510.596098527, -2072833.881832174 13887400.788477393, -2072983.881832174 13887360.596098527, -2073133.881832174 13887400.788477393, -2073243.6894533094 13887510.596098527, -2073283.881832174 13887660.596098527, -2073243.6894533094 13887810.596098527, -2073133.881832174 13887920.403719662, -2072983.881832174 13887960.596098527, -2072833.881832174 13887920.403719662, -2072724.0742110386 13887810.596098527, -2072683.881832174 13887660.596098527))",60,8
"POLYGON ((-2072746.471478372 13887697.620146718, -2072786.6638572367 13887547.620146718, -2072896.471478372 13887437.812525583, -2073046.471478372 13887397.620146718, -2073196.471478372 13887437.812525583, -2073306.2790995075 13887547.620146718, -2073346.471478372 13887697.620146718, -2073306.2790995075 13887847.620146718, -2073196.471478372 13887957.427767852, -2073046.471478372 13887997.620146718, -2072896.471478372 13887957.427767852, -2072786.6638572367 13887847.620146718, -2072746.471478372 13887697.620146718))",63,8
"POLYGON ((-2072576.86829419 13887593.064231126, -2072617.0606730545 13887443.064231126, -2072726.86829419 13887333.256609991, -2072876.86829419 13887293.064231126, -2073026.86829419 13887333.256609991, -2073136.6759153253 13887443.064231126, -2073176.86829419 13887593.064231126, -2073136.6759153253 13887743.064231126, -2073026.86829419 13887852.87185226, -2072876.86829419 13887893.064231126, -2072726.86829419 13887852.87185226, -2072617.0606730545 13887743.064231126, -2072576.86829419 13887593.064231126))",13,8
"POLYGON ((-2072672.776452165 13887705.528045584, -2072712.9688310297 13887555.528045584, -2072822.776452165 13887445.72042445, -2072972.776452165 13887405.528045584, -2073122.776452165 13887445.72042445, -2073232.5840733005 13887555.528045584, -2073272.776452165 13887705.528045584, -2073232.5840733005 13887855.528045584, -2073122.776452165 13887965.335666718, -2072972.776452165 13888005.528045584, -2072822.776452165 13887965.335666718, -2072712.9688310297 13887855.528045584, -2072672.776452165 13887705.528045584))",64,8
"POLYGON ((-2072604.7793312618 13887655.405331539, -2072644.9717101264 13887505.405331539, -2072754.7793312618 13887395.597710405, -2072904.7793312618 13887355.405331539, -2073054.7793312618 13887395.597710405, -2073164.5869523971 13887505.405331539, -2073204.7793312618 13887655.405331539, -2073164.5869523971 13887805.405331539, -2073054.7793312618 13887915.212952673, -2072904.7793312618 13887955.405331539, -2072754.7793312618 13887915.212952673, -2072644.9717101264 13887805.405331539, -2072604.7793312618 13887655.405331539))",152,8
"POLYGON ((-2072575.3465560086 13887653.819693161, -2072615.5389348732 13887503.819693161, -2072725.3465560086 13887394.012072027, -2072875.3465560086 13887353.819693161, -2073025.3465560086 13887394.012072027, -2073135.154177144 13887503.819693161, -2073175.3465560086 13887653.819693161, -2073135.154177144 13887803.819693161, -2073025.3465560086 13887913.627314296, -2072875.3465560086 13887953.819693161, -2072725.3465560086 13887913.627314296, -2072615.5389348732 13887803.819693161, -2072575.3465560086 13887653.819693161))",17,8
"POLYGON ((-2072384.0268434922 13888983.825382203, -2072424.2192223568 13888833.825382203, -2072534.0268434922 13888724.017761068, -2072684.0268434922 13888683.825382203, -2072834.0268434922 13888724.017761068, -2072943.8344646276 13888833.825382203, -2072984.0268434922 13888983.825382203, -2072943.8344646276 13889133.825382203, -2072834.0268434922 13889243.633003337, -2072684.0268434922 13889283.825382203, -2072534.0268434922 13889243.633003337, -2072424.2192223568 13889133.825382203, -2072384.0268434922 13888983.825382203))",122,7
"POLYGON ((-2072595.0599906011 13887688.871016564, -2072635.2523694658 13887538.871016564, -2072745.0599906011 13887429.06339543, -2072895.0599906011 13887388.871016564, -2073045.0599906011 13887429.06339543, -2073154.8676117365 13887538.871016564, -2073195.0599906011 13887688.871016564, -2073154.8676117365 13887838.871016564, -2073045.0599906011 13887948.678637698, -2072895.0599906011 13887988.871016564, -2072745.0599906011 13887948.678637698, -2072635.2523694658 13887838.871016564, -2072595.0599906011 13887688.871016564))",167,7
"POLYGON ((-2072760.34750213 13887722.9790841, -2072800.5398809947 13887572.9790841, -2072910.34750213 13887463.171462966, -2073060.34750213 13887422.9790841, -2073210.34750213 13887463.171462966, -2073320.1551232655 13887572.9790841, -2073360.34750213 13887722.9790841, -2073320.1551232655 13887872.9790841, -2073210.34750213 13887982.786705235, -2073060.34750213 13888022.9790841, -2072910.34750213 13887982.786705235, -2072800.5398809947 13887872.9790841, -2072760.34750213 13887722.9790841))",65,7
"POLYGON ((-2072766.0014382317 13887682.258852497, -2072806.1938170963 13887532.258852497, -2072916.0014382317 13887422.451231362, -2073066.0014382317 13887382.258852497, -2073216.0014382317 13887422.451231362, -2073325.809059367 13887532.258852497, -2073366.0014382317 13887682.258852497, -2073325.809059367 13887832.258852497, -2073216.0014382317 13887942.066473631, -2073066.0014382317 13887982.258852497, -2072916.0014382317 13887942.066473631, -2072806.1938170963 13887832.258852497, -2072766.0014382317 13887682.258852497))",61,7
"POLYGON ((-2072693.9497870454 13887736.445958652, -2072734.14216591 13887586.445958652, -2072843.9497870454 13887476.638337517, -2072993.9497870454 13887436.445958652, -2073143.9497870454 13887476.638337517, -2073253.7574081807 13887586.445958652, -2073293.9497870454 13887736.445958652, -2073253.7574081807 13887886.445958652, -2073143.9497870454 13887996.253579786, -2072993.9497870454 13888036.445958652, -2072843.9497870454 13887996.253579786, -2072734.14216591 13887886.445958652, -2072693.9497870454 13887736.445958652))",66,7
"POLYGON ((-2072515.3395261993 13887567.652528418, -2072555.531905064 13887417.652528418, -2072665.3395261993 13887307.844907284, -2072815.3395261993 13887267.652528418, -2072965.3395261993 13887307.844907284, -2073075.1471473346 13887417.652528418, -2073115.3395261993 13887567.652528418, -2073075.1471473346 13887717.652528418, -2072965.3395261993 13887827.460149553, -2072815.3395261993 13887867.652528418, -2072665.3395261993 13887827.460149553, -2072555.531905064 13887717.652528418, -2072515.3395261993 13887567.652528418))",58,7
"POLYGON ((-2072639.5402697334 13887630.709334487, -2072679.732648598 13887480.709334487, -2072789.5402697334 13887370.901713353, -2072939.5402697334 13887330.709334487, -2073089.5402697334 13887370.901713353, -2073199.3478908688 13887480.709334487, -2073239.5402697334 13887630.709334487, -2073199.3478908688 13887780.709334487, -2073089.5402697334 13887890.516955622, -2072939.5402697334 13887930.709334487, -2072789.5402697334 13887890.516955622, -2072679.732648598 13887780.709334487, -2072639.5402697334 13887630.709334487))",14,7
"POLYGON ((-2072558.5678793371 13887633.434682567, -2072598.7602582017 13887483.434682567, -2072708.5678793371 13887373.627061432, -2072858.5678793371 13887333.434682567, -2073008.5678793371 13887373.627061432, -2073118.3755004725 13887483.434682567, -2073158.5678793371 13887633.434682567, -2073118.3755004725 13887783.434682567, -2073008.5678793371 13887893.242303701, -2072858.5678793371 13887933.434682567, -2072708.5678793371 13887893.242303701, -2072598.7602582017 13887783.434682567, -2072558.5678793371 13887633.434682567))",15,7
"POLYGON ((-2072585.0755802433 13887660.112745913, -2072625.2679591079 13887510.112745913, -2072735.0755802433 13887400.305124778, -2072885.0755802433 13887360.112745913, -2073035.0755802433 13887400.305124778, -2073144.8832013786 13887510.112745913, -2073185.0755802433 13887660.112745913, -2073144.8832013786 13887810.112745913, -2073035.0755802433 13887919.920367047, -2072885.0755802433 13887960.112745913, -2072735.0755802433 13887919.920367047, -2072625.2679591079 13887810.112745913, -2072585.0755802433 13887660.112745913))",18,7
"POLYGON ((-2072563.302910275 13887658.537732307, -2072603.4952891397 13887508.537732307, -2072713.302910275 13887398.730111172, -2072863.302910275 13887358.537732307, -2073013.302910275 13887398.730111172, -2073123.1105314104 13887508.537732307, -2073163.302910275 13887658.537732307, -2073123.1105314104 13887808.537732307, -2073013.302910275 13887918.345353441, -2072863.302910275 13887958.537732307, -2072713.302910275 13887918.345353441, -2072603.4952891397 13887808.537732307, -2072563.302910275 13887658.537732307))",19,7
"POLYGON ((-2072621.6726136461 13887513.54449825, -2072661.8649925108 13887363.54449825, -2072771.6726136461 13887253.736877115, -2072921.6726136461 13887213.54449825, -2073071.6726136461 13887253.736877115, -2073181.4802347815 13887363.54449825, -2073221.6726136461 13887513.54449825, -2073181.4802347815 13887663.54449825, -2073071.6726136461 13887773.352119384, -2072921.6726136461 13887813.54449825, -2072771.6726136461 13887773.352119384, -2072661.8649925108 13887663.54449825, -2072621.6726136461 13887513.54449825))",11,7
"POLYGON ((-2072535.5234361475 13887495.463298112, -2072575.715815012 13887345.463298112, -2072685.5234361475 13887235.655676978, -2072835.5234361475 13887195.463298112, -2072985.5234361475 13887235.655676978, -2073095.3310572829 13887345.463298112, -2073135.5234361475 13887495.463298112, -2073095.3310572829 13887645.463298112, -2072985.5234361475 13887755.270919247, -2072835.5234361475 13887795.463298112, -2072685.5234361475 13887755.270919247, -2072575.715815012 13887645.463298112, -2072535.5234361475 13887495.463298112))",168,6
"POLYGON ((-2072246.5246836003 13888918.417906618, -2072286.717062465 13888768.417906618, -2072396.5246836003 13888658.610285483, -2072546.5246836003 13888618.417906618, -2072696.5246836003 13888658.610285483, -2072806.3323047357 13888768.417906618, -2072846.5246836003 13888918.417906618, -2072806.3323047357 13889068.417906618, -2072696.5246836003 13889178.225527752, -2072546.5246836003 13889218.417906618, -2072396.5246836003 13889178.225527752, -2072286.717062465 13889068.417906618, -2072246.5246836003 13888918.417906618))",90,6
"POLYGON ((-2072785.0842244474 13887752.588624017, -2072825.276603312 13887602.588624017, -2072935.0842244474 13887492.781002883, -2073085.0842244474 13887452.588624017, -2073235.0842244474 13887492.781002883, -2073344.8918455828 13887602.588624017, -2073385.0842244474 13887752.588624017, -2073344.8918455828 13887902.588624017, -2073235.0842244474 13888012.396245152, -2073085.0842244474 13888052.588624017, -2072935.0842244474 13888012.396245152, -2072825.276603312 13887902.588624017, -2072785.0842244474 13887752.588624017))",67,6
"POLYGON ((-2072521.5210649893 13887611.28927954, -2072561.713443854 13887461.28927954, -2072671.5210649893 13887351.481658405, -2072821.5210649893 13887311.28927954, -2072971.5210649893 13887351.481658405, -2073081.3286861246 13887461.28927954, -2073121.5210649893 13887611.28927954, -2073081.3286861246 13887761.28927954, -2072971.5210649893 13887871.096900674, -2072821.5210649893 13887911.28927954, -2072671.5210649893 13887871.096900674, -2072561.713443854 13887761.28927954, -2072521.5210649893 13887611.28927954))",153,6
"POLYGON ((-2072495.0651454006 13887544.76737633, -2072535.2575242652 13887394.76737633, -2072645.0651454006 13887284.959755195, -2072795.0651454006 13887244.76737633, -2072945.0651454006 13887284.959755195, -2073054.872766536 13887394.76737633, -2073095.0651454006 13887544.76737633, -2073054.872766536 13887694.76737633, -2072945.0651454006 13887804.574997464, -2072795.0651454006 13887844.76737633, -2072645.0651454006 13887804.574997464, -2072535.2575242652 13887694.76737633, -2072495.0651454006 13887544.76737633))",56,6
"POLYGON ((-2072809.4475497517 13887709.881733842, -2072849.6399286164 13887559.881733842, -2072959.4475497517 13887450.074112708, -2073109.4475497517 13887409.881733842, -2073259.4475497517 13887450.074112708, -2073369.255170887 13887559.881733842, -2073409.4475497517 13887709.881733842, -2073369.255170887 13887859.881733842, -2073259.4475497517 13887969.689354977, -2073109.4475497517 13888009.881733842, -2072959.4475497517 13887969.689354977, -2072849.6399286164 13887859.881733842, -2072809.4475497517 13887709.881733842))",151,6
"POLYGON ((-2072504.9284272532 13887674.288573232, -2072545.1208061178 13887524.288573232, -2072654.9284272532 13887414.480952097, -2072804.9284272532 13887374.288573232, -2072954.9284272532 13887414.480952097, -2073064.7360483885 13887524.288573232, -2073104.9284272532 13887674.288573232, -2073064.7360483885 13887824.288573232, -2072954.9284272532 13887934.096194366, -2072804.9284272532 13887974.288573232, -2072654.9284272532 13887934.096194366, -2072545.1208061178 13887824.288573232, -2072504.9284272532 13887674.288573232))",21,6
"POLYGON ((-2072571.2279380325 13887665.823706055, -2072611.420316897 13887515.823706055, -2072721.2279380325 13887406.01608492, -2072871.2279380325 13887365.823706055, -2073021.2279380325 13887406.01608492, -2073131.0355591679 13887515.823706055, -2073171.2279380325 13887665.823706055, -2073131.0355591679 13887815.823706055, -2073021.2279380325 13887925.63132719, -2072871.2279380325 13887965.823706055, -2072721.2279380325 13887925.63132719, -2072611.420316897 13887815.823706055, -2072571.2279380325 13887665.823706055))",20,6
"POLYGON ((-2072626.991569551 13887766.369649464, -2072667.1839484156 13887616.369649464, -2072776.991569551 13887506.56202833, -2072926.991569551 13887466.369649464, -2073076.991569551 13887506.56202833, -2073186.7991906863 13887616.369649464, -2073226.991569551 13887766.369649464, -2073186.7991906863 13887916.369649464, -2073076.991569551 13888026.177270599, -2072926.991569551 13888066.369649464, -2072776.991569551 13888026.177270599, -2072667.1839484156 13887916.369649464, -2072626.991569551 13887766.369649464))",68,6
"POLYGON ((-2072580.7449661426 13887650.839870507, -2072620.9373450072 13887500.839870507, -2072730.7449661426 13887391.032249372, -2072880.7449661426 13887350.839870507, -2073030.7449661426 13887391.032249372, -2073140.552587278 13887500.839870507, -2073180.7449661426 13887650.839870507, -2073140.552587278 13887800.839870507, -2073030.7449661426 13887910.647491641, -2072880.7449661426 13887950.839870507, -2072730.7449661426 13887910.647491641, -2072620.9373450072 13887800.839870507, -2072580.7449661426 13887650.839870507))",16,6
"POLYGON ((-2072785.0026761284 13887586.122174015, -2072825.195054993 13887436.122174015, -2072935.0026761284 13887326.31455288, -2073085.0026761284 13887286.122174015, -2073235.0026761284 13887326.31455288, -2073344.8102972638 13887436.122174015, -2073385.0026761284 13887586.122174015, -2073344.8102972638 13887736.122174015, -2073235.0026761284 13887845.92979515, -2073085.0026761284 13887886.122174015, -2072935.0026761284 13887845.92979515, -2072825.195054993 13887736.122174015, -2072785.0026761284 13887586.122174015))",12,6
"POLYGON ((-2072665.3477759017 13887443.049973398, -2072705.5401547663 13887293.049973398, -2072815.3477759017 13887183.242352264, -2072965.3477759017 13887143.049973398, -2073115.3477759017 13887183.242352264, -2073225.155397037 13887293.049973398, -2073265.3477759017 13887443.049973398, -2073225.155397037 13887593.049973398, -2073115.3477759017 13887702.857594533, -2072965.3477759017 13887743.049973398, -2072815.3477759017 13887702.857594533, -2072705.5401547663 13887593.049973398, -2072665.3477759017 13887443.049973398))",9,6
"POLYGON ((-2072421.890494002 13888982.849443987, -2072462.0828728667 13888832.849443987, -2072571.890494002 13888723.041822853, -2072721.890494002 13888682.849443987, -2072871.890494002 13888723.041822853, -2072981.6981151374 13888832.849443987, -2073021.890494002 13888982.849443987, -2072981.6981151374 13889132.849443987, -2072871.890494002 13889242.657065121, -2072721.890494002 13889282.849443987, -2072571.890494002 13889242.657065121, -2072462.0828728667 13889132.849443987, -2072421.890494002 13888982.849443987))",123,6
"POLYGON ((-2072515.8493647757 13887539.198261533, -2072556.0417436403 13887389.198261533, -2072665.8493647757 13887279.390640398, -2072815.8493647757 13887239.198261533, -2072965.8493647757 13887279.390640398, -2073075.656985911 13887389.198261533, -2073115.8493647757 13887539.198261533, -2073075.656985911 13887689.198261533, -2072965.8493647757 13887799.005882667, -2072815.8493647757 13887839.198261533, -2072665.8493647757 13887799.005882667, -2072556.0417436403 13887689.198261533, -2072515.8493647757 13887539.198261533))",59,6
"POLYGON ((-2072913.5343030354 13887504.573440904, -2072953.7266819 13887354.573440904, -2073063.5343030354 13887244.76581977, -2073213.5343030354 13887204.573440904, -2073363.5343030354 13887244.76581977, -2073473.3419241707 13887354.573440904, -2073513.5343030354 13887504.573440904, -2073473.3419241707 13887654.573440904, -2073363.5343030354 13887764.381062038, -2073213.5343030354 13887804.573440904, -2073063.5343030354 13887764.381062038, -2072953.7266819 13887654.573440904, -2072913.5343030354 13887504.573440904))",147,6
"POLYGON ((-2072714.7983026141 13887967.408691099, -2072754.9906814788 13887817.408691099, -2072864.7983026141 13887707.601069964, -2073014.7983026141 13887667.408691099, -2073164.7983026141 13887707.601069964, -2073274.6059237495 13887817.408691099, -2073314.7983026141 13887967.408691099, -2073274.6059237495 13888117.408691099, -2073164.7983026141 13888227.216312233, -2073014.7983026141 13888267.408691099, -2072864.7983026141 13888227.216312233, -2072754.9906814788 13888117.408691099, -2072714.7983026141 13887967.408691099))",72,6
"POLYGON ((-2072499.5369949723 13887518.752369292, -2072539.729373837 13887368.752369292, -2072649.5369949723 13887258.944748158, -2072799.5369949723 13887218.752369292, -2072949.5369949723 13887258.944748158, -2073059.3446161076 13887368.752369292, -2073099.5369949723 13887518.752369292, -2073059.3446161076 13887668.752369292, -2072949.5369949723 13887778.559990427, -2072799.5369949723 13887818.752369292, -2072649.5369949723 13887778.559990427, -2072539.729373837 13887668.752369292, -2072499.5369949723 13887518.752369292))",57,5
"POLYGON ((-2072335.8646842807 13888751.831130205, -2072376.0570631453 13888601.831130205, -2072485.8646842807 13888492.02350907, -2072635.8646842807 13888451.831130205, -2072785.8646842807 13888492.02350907, -2072895.672305416 13888601.831130205, -2072935.8646842807 13888751.831130205, -2072895.672305416 13888901.831130205, -2072785.8646842807 13889011.63875134, -2072635.8646842807 13889051.831130205, -2072485.8646842807 13889011.63875134, -2072376.0570631453 13888901.831130205, -2072335.8646842807 13888751.831130205))",91,5
"POLYGON ((-2072611.21120802 13887873.10634496, -2072651.4035868847 13887723.10634496, -2072761.21120802 13887613.298723826, -2072911.21120802 13887573.10634496, -2073061.21120802 13887613.298723826, -2073171.0188291555 13887723.10634496, -2073211.21120802 13887873.10634496, -2073171.0188291555 13888023.10634496, -2073061.21120802 13888132.913966095, -2072911.21120802 13888173.10634496, -2072761.21120802 13888132.913966095, -2072651.4035868847 13888023.10634496, -2072611.21120802 13887873.10634496))",70,5
"POLYGON ((-2072808.3094433153 13887930.707195967, -2072848.5018221799 13887780.707195967, -2072958.3094433153 13887670.899574833, -2073108.3094433153 13887630.707195967, -2073258.3094433153 13887670.899574833, -2073368.1170644506 13887780.707195967, -2073408.3094433153 13887930.707195967, -2073368.1170644506 13888080.707195967, -2073258.3094433153 13888190.514817102, -2073108.3094433153 13888230.707195967, -2072958.3094433153 13888190.514817102, -2072848.5018221799 13888080.707195967, -2072808.3094433153 13887930.707195967))",73,5
"POLYGON ((-2072687.873095663 13888009.19012524, -2072728.0654745277 13887859.19012524, -2072837.873095663 13887749.382504106, -2072987.873095663 13887709.19012524, -2073137.873095663 13887749.382504106, -2073247.6807167984 13887859.19012524, -2073287.873095663 13888009.19012524, -2073247.6807167984 13888159.19012524, -2073137.873095663 13888268.997746374, -2072987.873095663 13888309.19012524, -2072837.873095663 13888268.997746374, -2072728.0654745277 13888159.19012524, -2072687.873095663 13888009.19012524))",74,5
"POLYGON ((-2072839.5259690543 13887739.960153148, -2072879.718347919 13887589.960153148, -2072989.5259690543 13887480.152532013, -2073139.5259690543 13887439.960153148, -2073289.5259690543 13887480.152532013, -2073399.3335901897 13887589.960153148, -2073439.5259690543 13887739.960153148, -2073399.3335901897 13887889.960153148, -2073289.5259690543 13887999.767774282, -2073139.5259690543 13888039.960153148, -2072989.5259690543 13887999.767774282, -2072879.718347919 13887889.960153148, -2072839.5259690543 13887739.960153148))",165,5
"POLYGON ((-2072105.8139107353 13888825.115261132, -2072146.0062896 13888675.115261132, -2072255.8139107353 13888565.307639997, -2072405.8139107353 13888525.115261132, -2072555.8139107353 13888565.307639997, -2072665.6215318707 13888675.115261132, -2072705.8139107353 13888825.115261132, -2072665.6215318707 13888975.115261132, -2072555.8139107353 13889084.922882266, -2072405.8139107353 13889125.115261132, -2072255.8139107353 13889084.922882266, -2072146.0062896 13888975.115261132, -2072105.8139107353 13888825.115261132))",88,5
"POLYGON ((-2072413.8953598752 13888837.814045992, -2072454.0877387398 13888687.814045992, -2072563.8953598752 13888578.006424857, -2072713.8953598752 13888537.814045992, -2072863.8953598752 13888578.006424857, -2072973.7029810105 13888687.814045992, -2073013.8953598752 13888837.814045992, -2072973.7029810105 13888987.814045992, -2072863.8953598752 13889097.621667126, -2072713.8953598752 13889137.814045992, -2072563.8953598752 13889097.621667126, -2072454.0877387398 13888987.814045992, -2072413.8953598752 13888837.814045992))",92,5
"POLYGON ((-2072480.6581409897 13887553.816725362, -2072520.8505198543 13887403.816725362, -2072630.6581409897 13887294.009104228, -2072780.6581409897 13887253.816725362, -2072930.6581409897 13887294.009104228, -2073040.465762125 13887403.816725362, -2073080.6581409897 13887553.816725362, -2073040.465762125 13887703.816725362, -2072930.6581409897 13887813.624346497, -2072780.6581409897 13887853.816725362, -2072630.6581409897 13887813.624346497, -2072520.8505198543 13887703.816725362, -2072480.6581409897 13887553.816725362))",54,5
"POLYGON ((-2072882.2142764202 13887685.921828214, -2072922.4066552848 13887535.921828214, -2073032.2142764202 13887426.11420708, -2073182.2142764202 13887385.921828214, -2073332.2142764202 13887426.11420708, -2073442.0218975556 13887535.921828214, -2073482.2142764202 13887685.921828214, -2073442.0218975556 13887835.921828214, -2073332.2142764202 13887945.729449349, -2073182.2142764202 13887985.921828214, -2073032.2142764202 13887945.729449349, -2072922.4066552848 13887835.921828214, -2072882.2142764202 13887685.921828214))",150,5
"POLYGON ((-2073002.0905524613 13887575.74503835, -2073042.282931326 13887425.74503835, -2073152.0905524613 13887315.937417215, -2073302.0905524613 13887275.74503835, -2073452.0905524613 13887315.937417215, -2073561.8981735967 13887425.74503835, -2073602.0905524613 13887575.74503835, -2073561.8981735967 13887725.74503835, -2073452.0905524613 13887835.552659484, -2073302.0905524613 13887875.74503835, -2073152.0905524613 13887835.552659484, -2073042.282931326 13887725.74503835, -2073002.0905524613 13887575.74503835))",148,5
"POLYGON ((-2072350.822241731 13889076.47795309, -2072391.0146205956 13888926.47795309, -2072500.822241731 13888816.670331955, -2072650.822241731 13888776.47795309, -2072800.822241731 13888816.670331955, -2072910.6298628664 13888926.47795309, -2072950.822241731 13889076.47795309, -2072910.6298628664 13889226.47795309, -2072800.822241731 13889336.285574224, -2072650.822241731 13889376.47795309, -2072500.822241731 13889336.285574224, -2072391.0146205956 13889226.47795309, -2072350.822241731 13889076.47795309))",124,5
"POLYGON ((-2072473.9725144885 13888957.22388791, -2072514.1648933531 13888807.22388791, -2072623.9725144885 13888697.416266775, -2072773.9725144885 13888657.22388791, -2072923.9725144885 13888697.416266775, -2073033.7801356239 13888807.22388791, -2073073.9725144885 13888957.22388791, -2073033.7801356239 13889107.22388791, -2072923.9725144885 13889217.031509044, -2072773.9725144885 13889257.22388791, -2072623.9725144885 13889217.031509044, -2072514.1648933531 13889107.22388791, -2072473.9725144885 13888957.22388791))",128,5
"POLYGON ((-2073010.4944752587 13887561.421060404, -2073050.6868541234 13887411.421060404, -2073160.4944752587 13887301.61343927, -2073310.4944752587 13887261.421060404, -2073460.4944752587 13887301.61343927, -2073570.3020963941 13887411.421060404, -2073610.4944752587 13887561.421060404, -2073570.3020963941 13887711.421060404, -2073460.4944752587 13887821.228681538, -2073310.4944752587 13887861.421060404, -2073160.4944752587 13887821.228681538, -2073050.6868541234 13887711.421060404, -2073010.4944752587 13887561.421060404))",145,5
"POLYGON ((-2072149.4882988797 13889103.270006709, -2072189.6806777443 13888953.270006709, -2072299.4882988797 13888843.462385574, -2072449.4882988797 13888803.270006709, -2072599.4882988797 13888843.462385574, -2072709.295920015 13888953.270006709, -2072749.4882988797 13889103.270006709, -2072709.295920015 13889253.270006709, -2072599.4882988797 13889363.077627843, -2072449.4882988797 13889403.270006709, -2072299.4882988797 13889363.077627843, -2072189.6806777443 13889253.270006709, -2072149.4882988797 13889103.270006709))",111,5
"POLYGON ((-2072801.1996175563 13887795.082480846, -2072841.391996421 13887645.082480846, -2072951.1996175563 13887535.274859712, -2073101.1996175563 13887495.082480846, -2073251.1996175563 13887535.274859712, -2073361.0072386917 13887645.082480846, -2073401.1996175563 13887795.082480846, -2073361.0072386917 13887945.082480846, -2073251.1996175563 13888054.89010198, -2073101.1996175563 13888095.082480846, -2072951.1996175563 13888054.89010198, -2072841.391996421 13887945.082480846, -2072801.1996175563 13887795.082480846))",69,5
"POLYGON ((-2072500.778709816 13887691.118192071, -2072540.9710886807 13887541.118192071, -2072650.778709816 13887431.310570937, -2072800.778709816 13887391.118192071, -2072950.778709816 13887431.310570937, -2073060.5863309514 13887541.118192071, -2073100.778709816 13887691.118192071, -2073060.5863309514 13887841.118192071, -2072950.778709816 13887950.925813206, -2072800.778709816 13887991.118192071, -2072650.778709816 13887950.925813206, -2072540.9710886807 13887841.118192071, -2072500.778709816 13887691.118192071))",22,5
"POLYGON ((-2072397.002656808 13889096.845742403, -2072437.1950356725 13888946.845742403, -2072547.002656808 13888837.038121268, -2072697.002656808 13888796.845742403, -2072847.002656808 13888837.038121268, -2072956.8102779433 13888946.845742403, -2072997.002656808 13889096.845742403, -2072956.8102779433 13889246.845742403, -2072847.002656808 13889356.653363537, -2072697.002656808 13889396.845742403, -2072547.002656808 13889356.653363537, -2072437.1950356725 13889246.845742403, -2072397.002656808 13889096.845742403))",206,5
"POLYGON ((-2072496.9830025076 13887644.635158233, -2072537.1753813722 13887494.635158233, -2072646.9830025076 13887384.827537099, -2072796.9830025076 13887344.635158233, -2072946.9830025076 13887384.827537099, -2073056.790623643 13887494.635158233, -2073096.9830025076 13887644.635158233, -2073056.790623643 13887794.635158233, -2072946.9830025076 13887904.442779368, -2072796.9830025076 13887944.635158233, -2072646.9830025076 13887904.442779368, -2072537.1753813722 13887794.635158233, -2072496.9830025076 13887644.635158233))",170,5
"POLYGON ((-2072840.9218648868 13887506.134530101, -2072881.1142437514 13887356.134530101, -2072990.9218648868 13887246.326908967, -2073140.9218648868 13887206.134530101, -2073290.9218648868 13887246.326908967, -2073400.7294860221 13887356.134530101, -2073440.9218648868 13887506.134530101, -2073400.7294860221 13887656.134530101, -2073290.9218648868 13887765.942151235, -2073140.9218648868 13887806.134530101, -2072990.9218648868 13887765.942151235, -2072881.1142437514 13887656.134530101, -2072840.9218648868 13887506.134530101))",10,5
"POLYGON ((-2072890.7957937655 13887392.39887447, -2072930.98817263 13887242.39887447, -2073040.7957937655 13887132.591253335, -2073190.7957937655 13887092.39887447, -2073340.7957937655 13887132.591253335, -2073450.6034149008 13887242.39887447, -2073490.7957937655 13887392.39887447, -2073450.6034149008 13887542.39887447, -2073340.7957937655 13887652.206495604, -2073190.7957937655 13887692.39887447, -2073040.7957937655 13887652.206495604, -2072930.98817263 13887542.39887447, -2072890.7957937655 13887392.39887447))",171,5
"POLYGON ((-2072454.3485742281 13887687.516947526, -2072494.5409530927 13887537.516947526, -2072604.3485742281 13887427.709326392, -2072754.3485742281 13887387.516947526, -2072904.3485742281 13887427.709326392, -2073014.1561953635 13887537.516947526, -2073054.3485742281 13887687.516947526, -2073014.1561953635 13887837.516947526, -2072904.3485742281 13887947.32456866, -2072754.3485742281 13887987.516947526, -2072604.3485742281 13887947.32456866, -2072494.5409530927 13887837.516947526, -2072454.3485742281 13887687.516947526))",23,5
"POLYGON ((-2072613.7768473274 13887371.23356505, -2072653.969226192 13887221.23356505, -2072763.7768473274 13887111.425943915, -2072913.7768473274 13887071.23356505, -2073063.7768473274 13887111.425943915, -2073173.5844684627 13887221.23356505, -2073213.7768473274 13887371.23356505, -2073173.5844684627 13887521.23356505, -2073063.7768473274 13887631.041186184, -2072913.7768473274 13887671.23356505, -2072763.7768473274 13887631.041186184, -2072653.969226192 13887521.23356505, -2072613.7768473274 13887371.23356505))",7,5
"POLYGON ((-2072442.2261925188 13887862.553789502, -2072482.4185713835 13887712.553789502, -2072592.2261925188 13887602.746168368, -2072742.2261925188 13887562.553789502, -2072892.2261925188 13887602.746168368, -2073002.0338136542 13887712.553789502, -2073042.2261925188 13887862.553789502, -2073002.0338136542 13888012.553789502, -2072892.2261925188 13888122.361410636, -2072742.2261925188 13888162.553789502, -2072592.2261925188 13888122.361410636, -2072482.4185713835 13888012.553789502, -2072442.2261925188 13887862.553789502))",180,5
"POLYGON ((-2072555.7372691385 13887962.212209916, -2072595.929648003 13887812.212209916, -2072705.7372691385 13887702.404588781, -2072855.7372691385 13887662.212209916, -2073005.7372691385 13887702.404588781, -2073115.5448902738 13887812.212209916, -2073155.7372691385 13887962.212209916, -2073115.5448902738 13888112.212209916, -2073005.7372691385 13888222.01983105, -2072855.7372691385 13888262.212209916, -2072705.7372691385 13888222.01983105, -2072595.929648003 13888112.212209916, -2072555.7372691385 13887962.212209916))",76,4
"POLYGON ((-2073007.621461054 13887573.06065994, -2073047.8138399187 13887423.06065994, -2073157.621461054 13887313.253038805, -2073307.621461054 13887273.06065994, -2073457.621461054 13887313.253038805, -2073567.4290821895 13887423.06065994, -2073607.621461054 13887573.06065994, -2073567.4290821895 13887723.06065994, -2073457.621461054 13887832.868281074, -2073307.621461054 13887873.06065994, -2073157.621461054 13887832.868281074, -2073047.8138399187 13887723.06065994, -2073007.621461054 13887573.06065994))",146,4
"POLYGON ((-2072640.3012276092 13887250.503415149, -2072680.4936064738 13887100.503415149, -2072790.3012276092 13886990.695794014, -2072940.3012276092 13886950.503415149, -2073090.3012276092 13886990.695794014, -2073200.1088487445 13887100.503415149, -2073240.3012276092 13887250.503415149, -2073200.1088487445 13887400.503415149, -2073090.3012276092 13887510.311036283, -2072940.3012276092 13887550.503415149, -2072790.3012276092 13887510.311036283, -2072680.4936064738 13887400.503415149, -2072640.3012276092 13887250.503415149))",5,4
"POLYGON ((-2072501.5515148614 13888923.345306708, -2072541.743893726 13888773.345306708, -2072651.5515148614 13888663.537685573, -2072801.5515148614 13888623.345306708, -2072951.5515148614 13888663.537685573, -2073061.3591359968 13888773.345306708, -2073101.5515148614 13888923.345306708, -2073061.3591359968 13889073.345306708, -2072951.5515148614 13889183.152927842, -2072801.5515148614 13889223.345306708, -2072651.5515148614 13889183.152927842, -2072541.743893726 13889073.345306708, -2072501.5515148614 13888923.345306708))",98,4
"POLYGON ((-2072868.479469499 13887774.290736714, -2072908.6718483637 13887624.290736714, -2073018.479469499 13887514.48311558, -2073168.479469499 13887474.290736714, -2073318.479469499 13887514.48311558, -2073428.2870906345 13887624.290736714, -2073468.479469499 13887774.290736714, -2073428.2870906345 13887924.290736714, -2073318.479469499 13888034.098357849, -2073168.479469499 13888074.290736714, -2073018.479469499 13888034.098357849, -2072908.6718483637 13887924.290736714, -2072868.479469499 13887774.290736714))",166,4
"POLYGON ((-2072386.9679799676 13887682.616286766, -2072427.1603588322 13887532.616286766, -2072536.9679799676 13887422.808665631, -2072686.9679799676 13887382.616286766, -2072836.9679799676 13887422.808665631, -2072946.775601103 13887532.616286766, -2072986.9679799676 13887682.616286766, -2072946.775601103 13887832.616286766, -2072836.9679799676 13887942.4239079, -2072686.9679799676 13887982.616286766, -2072536.9679799676 13887942.4239079, -2072427.1603588322 13887832.616286766, -2072386.9679799676 13887682.616286766))",29,4
"POLYGON ((-2072007.1411520266 13889038.40244219, -2072047.3335308912 13888888.40244219, -2072157.1411520266 13888778.594821056, -2072307.1411520266 13888738.40244219, -2072457.1411520266 13888778.594821056, -2072566.948773162 13888888.40244219, -2072607.1411520266 13889038.40244219, -2072566.948773162 13889188.40244219, -2072457.1411520266 13889298.210063325, -2072307.1411520266 13889338.40244219, -2072157.1411520266 13889298.210063325, -2072047.3335308912 13889188.40244219, -2072007.1411520266 13889038.40244219))",86,4
"POLYGON ((-2072747.9888923531 13887332.8894156, -2072788.1812712178 13887182.8894156, -2072897.9888923531 13887073.081794465, -2073047.9888923531 13887032.8894156, -2073197.9888923531 13887073.081794465, -2073307.7965134885 13887182.8894156, -2073347.9888923531 13887332.8894156, -2073307.7965134885 13887482.8894156, -2073197.9888923531 13887592.697036734, -2073047.9888923531 13887632.8894156, -2072897.9888923531 13887592.697036734, -2072788.1812712178 13887482.8894156, -2072747.9888923531 13887332.8894156))",8,4
"POLYGON ((-2072908.482914077 13887714.054470586, -2072948.6752929415 13887564.054470586, -2073058.482914077 13887454.246849451, -2073208.482914077 13887414.054470586, -2073358.482914077 13887454.246849451, -2073468.2905352123 13887564.054470586, -2073508.482914077 13887714.054470586, -2073468.2905352123 13887864.054470586, -2073358.482914077 13887973.86209172, -2073208.482914077 13888014.054470586, -2073058.482914077 13887973.86209172, -2072948.6752929415 13887864.054470586, -2072908.482914077 13887714.054470586))",163,4
"POLYGON ((-2072965.919348549 13887618.20616324, -2073006.1117274137 13887468.20616324, -2073115.919348549 13887358.398542106, -2073265.919348549 13887318.20616324, -2073415.919348549 13887358.398542106, -2073525.7269696845 13887468.20616324, -2073565.919348549 13887618.20616324, -2073525.7269696845 13887768.20616324, -2073415.919348549 13887878.013784375, -2073265.919348549 13887918.20616324, -2073115.919348549 13887878.013784375, -2073006.1117274137 13887768.20616324, -2072965.919348549 13887618.20616324))",149,4
"POLYGON ((-2072404.8257019753 13887776.87963759, -2072445.01808084 13887626.87963759, -2072554.8257019753 13887517.072016455, -2072704.8257019753 13887476.87963759, -2072854.8257019753 13887517.072016455, -2072964.6333231106 13887626.87963759, -2073004.8257019753 13887776.87963759, -2072964.6333231106 13887926.87963759, -2072854.8257019753 13888036.687258724, -2072704.8257019753 13888076.87963759, -2072554.8257019753 13888036.687258724, -2072445.01808084 13887926.87963759, -2072404.8257019753 13887776.87963759))",181,4
"POLYGON ((-2072121.4772880785 13888764.149182698, -2072161.6696669431 13888614.149182698, -2072271.4772880785 13888504.341561563, -2072421.4772880785 13888464.149182698, -2072571.4772880785 13888504.341561563, -2072681.284909214 13888614.149182698, -2072721.4772880785 13888764.149182698, -2072681.284909214 13888914.149182698, -2072571.4772880785 13889023.956803832, -2072421.4772880785 13889064.149182698, -2072271.4772880785 13889023.956803832, -2072161.6696669431 13888914.149182698, -2072121.4772880785 13888764.149182698))",89,4
"POLYGON ((-2072257.8764885457 13889180.840472648, -2072298.0688674103 13889030.840472648, -2072407.8764885457 13888921.032851513, -2072557.8764885457 13888880.840472648, -2072707.8764885457 13888921.032851513, -2072817.684109681 13889030.840472648, -2072857.8764885457 13889180.840472648, -2072817.684109681 13889330.840472648, -2072707.8764885457 13889440.648093782, -2072557.8764885457 13889480.840472648, -2072407.8764885457 13889440.648093782, -2072298.0688674103 13889330.840472648, -2072257.8764885457 13889180.840472648))",119,4
"POLYGON ((-2072378.6080806588 13888767.894067608, -2072418.8004595235 13888617.894067608, -2072528.6080806588 13888508.086446473, -2072678.6080806588 13888467.894067608, -2072828.6080806588 13888508.086446473, -2072938.4157017942 13888617.894067608, -2072978.6080806588 13888767.894067608, -2072938.4157017942 13888917.894067608, -2072828.6080806588 13889027.701688742, -2072678.6080806588 13889067.894067608, -2072528.6080806588 13889027.701688742, -2072418.8004595235 13888917.894067608, -2072378.6080806588 13888767.894067608))",93,4
"POLYGON ((-2072464.1699211209 13887721.780780163, -2072504.3622999855 13887571.780780163, -2072614.1699211209 13887461.973159028, -2072764.1699211209 13887421.780780163, -2072914.1699211209 13887461.973159028, -2073023.9775422562 13887571.780780163, -2073064.1699211209 13887721.780780163, -2073023.9775422562 13887871.780780163, -2072914.1699211209 13887981.588401297, -2072764.1699211209 13888021.780780163, -2072614.1699211209 13887981.588401297, -2072504.3622999855 13887871.780780163, -2072464.1699211209 13887721.780780163))",169,4
"POLYGON ((-2072736.1137137604 13888015.361445684, -2072776.306092625 13887865.361445684, -2072886.1137137604 13887755.55382455, -2073036.1137137604 13887715.361445684, -2073186.1137137604 13887755.55382455, -2073295.9213348958 13887865.361445684, -2073336.1137137604 13888015.361445684, -2073295.9213348958 13888165.361445684, -2073186.1137137604 13888275.169066818, -2073036.1137137604 13888315.361445684, -2072886.1137137604 13888275.169066818, -2072776.306092625 13888165.361445684, -2072736.1137137604 13888015.361445684))",75,4
"POLYGON ((-2072410.752610124 13888794.509687772, -2072450.9449889886 13888644.509687772, -2072560.752610124 13888534.702066638, -2072710.752610124 13888494.509687772, -2072860.752610124 13888534.702066638, -2072970.5602312593 13888644.509687772, -2073010.752610124 13888794.509687772, -2072970.5602312593 13888944.509687772, -2072860.752610124 13889054.317308906, -2072710.752610124 13889094.509687772, -2072560.752610124 13889054.317308906, -2072450.9449889886 13888944.509687772, -2072410.752610124 13888794.509687772))",94,4
"POLYGON ((-2072903.0327842077 13887869.328443201, -2072943.2251630723 13887719.328443201, -2073053.0327842077 13887609.520822067, -2073203.0327842077 13887569.328443201, -2073353.0327842077 13887609.520822067, -2073462.840405343 13887719.328443201, -2073503.0327842077 13887869.328443201, -2073462.840405343 13888019.328443201, -2073353.0327842077 13888129.136064336, -2073203.0327842077 13888169.328443201, -2073053.0327842077 13888129.136064336, -2072943.2251630723 13888019.328443201, -2072903.0327842077 13887869.328443201))",187,4
"POLYGON ((-2072448.1403913675 13888846.868201282, -2072488.332770232 13888696.868201282, -2072598.1403913675 13888587.060580147, -2072748.1403913675 13888546.868201282, -2072898.1403913675 13888587.060580147, -2073007.9480125029 13888696.868201282, -2073048.1403913675 13888846.868201282, -2073007.9480125029 13888996.868201282, -2072898.1403913675 13889106.675822416, -2072748.1403913675 13889146.868201282, -2072598.1403913675 13889106.675822416, -2072488.332770232 13888996.868201282, -2072448.1403913675 13888846.868201282))",127,4
"POLYGON ((-2072454.1354994837 13887600.293970024, -2072494.3278783483 13887450.293970024, -2072604.1354994837 13887340.48634889, -2072754.1354994837 13887300.293970024, -2072904.1354994837 13887340.48634889, -2073013.943120619 13887450.293970024, -2073054.1354994837 13887600.293970024, -2073013.943120619 13887750.293970024, -2072904.1354994837 13887860.101591159, -2072754.1354994837 13887900.293970024, -2072604.1354994837 13887860.101591159, -2072494.3278783483 13887750.293970024, -2072454.1354994837 13887600.293970024))",52,4
"POLYGON ((-2072448.625117639 13887689.965392515, -2072488.8174965037 13887539.965392515, -2072598.625117639 13887430.15777138, -2072748.625117639 13887389.965392515, -2072898.625117639 13887430.15777138, -2073008.4327387745 13887539.965392515, -2073048.625117639 13887689.965392515, -2073008.4327387745 13887839.965392515, -2072898.625117639 13887949.77301365, -2072748.625117639 13887989.965392515, -2072598.625117639 13887949.77301365, -2072488.8174965037 13887839.965392515, -2072448.625117639 13887689.965392515))",25,4
"POLYGON ((-2072476.7027249215 13887526.281451873, -2072516.8951037861 13887376.281451873, -2072626.7027249215 13887266.473830739, -2072776.7027249215 13887226.281451873, -2072926.7027249215 13887266.473830739, -2073036.510346057 13887376.281451873, -2073076.7027249215 13887526.281451873, -2073036.510346057 13887676.281451873, -2072926.7027249215 13887786.089073008, -2072776.7027249215 13887826.281451873, -2072626.7027249215 13887786.089073008, -2072516.8951037861 13887676.281451873, -2072476.7027249215 13887526.281451873))",55,4
"POLYGON ((-2072933.7304715859 13887314.18805225, -2072973.9228504505 13887164.18805225, -2073083.7304715859 13887054.380431116, -2073233.7304715859 13887014.18805225, -2073383.7304715859 13887054.380431116, -2073493.5380927213 13887164.18805225, -2073533.7304715859 13887314.18805225, -2073493.5380927213 13887464.18805225, -2073383.7304715859 13887573.995673385, -2073233.7304715859 13887614.18805225, -2073083.7304715859 13887573.995673385, -2072973.9228504505 13887464.18805225, -2072933.7304715859 13887314.18805225))",143,4
"POLYGON ((-2073555.3718454218 13887140.269920181, -2073595.5642242865 13886990.269920181, -2073705.3718454218 13886880.462299047, -2073855.3718454218 13886840.269920181, -2074005.3718454218 13886880.462299047, -2074115.1794665572 13886990.269920181, -2074155.3718454218 13887140.269920181, -2074115.1794665572 13887290.269920181, -2074005.3718454218 13887400.077541316, -2073855.3718454218 13887440.269920181, -2073705.3718454218 13887400.077541316, -2073595.5642242865 13887290.269920181, -2073555.3718454218 13887140.269920181))",45,4
"POLYGON ((-2072454.2554502669 13887692.357601972, -2072494.4478291315 13887542.357601972, -2072604.2554502669 13887432.549980838, -2072754.2554502669 13887392.357601972, -2072904.2554502669 13887432.549980838, -2073014.0630714023 13887542.357601972, -2073054.2554502669 13887692.357601972, -2073014.0630714023 13887842.357601972, -2072904.2554502669 13887952.165223107, -2072754.2554502669 13887992.357601972, -2072604.2554502669 13887952.165223107, -2072494.4478291315 13887842.357601972, -2072454.2554502669 13887692.357601972))",24,4
"POLYGON ((-2072498.3484124641 13887405.59086052, -2072538.5407913288 13887255.59086052, -2072648.3484124641 13887145.783239385, -2072798.3484124641 13887105.59086052, -2072948.3484124641 13887145.783239385, -2073058.1560335995 13887255.59086052, -2073098.3484124641 13887405.59086052, -2073058.1560335995 13887555.59086052, -2072948.3484124641 13887665.398481654, -2072798.3484124641 13887705.59086052, -2072648.3484124641 13887665.398481654, -2072538.5407913288 13887555.59086052, -2072498.3484124641 13887405.59086052))",133,4
"POLYGON ((-2073260.6685141823 13887263.120297007, -2073300.860893047 13887113.120297007, -2073410.6685141823 13887003.312675873, -2073560.6685141823 13886963.120297007, -2073710.6685141823 13887003.312675873, -2073820.4761353177 13887113.120297007, -2073860.6685141823 13887263.120297007, -2073820.4761353177 13887413.120297007, -2073710.6685141823 13887522.927918142, -2073560.6685141823 13887563.120297007, -2073410.6685141823 13887522.927918142, -2073300.860893047 13887413.120297007, -2073260.6685141823 13887263.120297007))",201,4
"POLYGON ((-2072415.9367696356 13887979.908237861, -2072456.1291485003 13887829.908237861, -2072565.9367696356 13887720.100616727, -2072715.9367696356 13887679.908237861, -2072865.9367696356 13887720.100616727, -2072975.744390771 13887829.908237861, -2073015.9367696356 13887979.908237861, -2072975.744390771 13888129.908237861, -2072865.9367696356 13888239.715858996, -2072715.9367696356 13888279.908237861, -2072565.9367696356 13888239.715858996, -2072456.1291485003 13888129.908237861, -2072415.9367696356 13887979.908237861))",179,4
"POLYGON ((-2072322.480390749 13887903.046664972, -2072362.6727696136 13887753.046664972, -2072472.480390749 13887643.239043837, -2072622.480390749 13887603.046664972, -2072772.480390749 13887643.239043837, -2072882.2880118843 13887753.046664972, -2072922.480390749 13887903.046664972, -2072882.2880118843 13888053.046664972, -2072772.480390749 13888162.854286106, -2072622.480390749 13888203.046664972, -2072472.480390749 13888162.854286106, -2072362.6727696136 13888053.046664972, -2072322.480390749 13887903.046664972))",186,4
"POLYGON ((-2073109.9858828406 13887083.435740193, -2073150.1782617052 13886933.435740193, -2073259.9858828406 13886823.628119059, -2073409.9858828406 13886783.435740193, -2073559.9858828406 13886823.628119059, -2073669.793503976 13886933.435740193, -2073709.9858828406 13887083.435740193, -2073669.793503976 13887233.435740193, -2073559.9858828406 13887343.243361328, -2073409.9858828406 13887383.435740193, -2073259.9858828406 13887343.243361328, -2073150.1782617052 13887233.435740193, -2073109.9858828406 13887083.435740193))",192,4
"POLYGON ((-2072446.608726489 13889120.997632315, -2072486.8011053535 13888970.997632315, -2072596.608726489 13888861.190011181, -2072746.608726489 13888820.997632315, -2072896.608726489 13888861.190011181, -2073006.4163476243 13888970.997632315, -2073046.608726489 13889120.997632315, -2073006.4163476243 13889270.997632315, -2072896.608726489 13889380.80525345, -2072746.608726489 13889420.997632315, -2072596.608726489 13889380.80525345, -2072486.8011053535 13889270.997632315, -2072446.608726489 13889120.997632315))",129,4
"POLYGON ((-2072872.4672894613 13887959.023257839, -2072912.659668326 13887809.023257839, -2073022.4672894613 13887699.215636704, -2073172.4672894613 13887659.023257839, -2073322.4672894613 13887699.215636704, -2073432.2749105967 13887809.023257839, -2073472.4672894613 13887959.023257839, -2073432.2749105967 13888109.023257839, -2073322.4672894613 13888218.830878973, -2073172.4672894613 13888259.023257839, -2073022.4672894613 13888218.830878973, -2072912.659668326 13888109.023257839, -2072872.4672894613 13887959.023257839))",177,4
"POLYGON ((-2073002.645969574 13887307.872400174, -2073042.8383484387 13887157.872400174, -2073152.645969574 13887048.06477904, -2073302.645969574 13887007.872400174, -2073452.645969574 13887048.06477904, -2073562.4535907095 13887157.872400174, -2073602.645969574 13887307.872400174, -2073562.4535907095 13887457.872400174, -2073452.645969574 13887567.680021308, -2073302.645969574 13887607.872400174, -2073152.645969574 13887567.680021308, -2073042.8383484387 13887457.872400174, -2073002.645969574 13887307.872400174))",141,4
"POLYGON ((-2072347.974887639 13888743.16322689, -2072388.1672665037 13888593.16322689, -2072497.974887639 13888483.355605755, -2072647.974887639 13888443.16322689, -2072797.974887639 13888483.355605755, -2072907.7825087744 13888593.16322689, -2072947.974887639 13888743.16322689, -2072907.7825087744 13888893.16322689, -2072797.974887639 13889002.970848024, -2072647.974887639 13889043.16322689, -2072497.974887639 13889002.970848024, -2072388.1672665037 13888893.16322689, -2072347.974887639 13888743.16322689))",112,4
"POLYGON ((-2072807.6708041118 13887848.382634811, -2072847.8631829764 13887698.382634811, -2072957.6708041118 13887588.575013677, -2073107.6708041118 13887548.382634811, -2073257.6708041118 13887588.575013677, -2073367.4784252471 13887698.382634811, -2073407.6708041118 13887848.382634811, -2073367.4784252471 13887998.382634811, -2073257.6708041118 13888108.190255946, -2073107.6708041118 13888148.382634811, -2072957.6708041118 13888108.190255946, -2072847.8631829764 13887998.382634811, -2072807.6708041118 13887848.382634811))",71,4
